{
  "response": {
    "statusCode": 200,
    "body": "{\"success\": true, \"agent_type\": \"rag_processor\", \"analysis\": {\"embedded_clauses_count\": 4, \"similar_clauses_found\": 4, \"rag_context\": {\"current_clauses\": [{\"clause_text\": \"بموجب عقد بيع مؤرخ .../.../... باع المعلن إليه إلى الطالب ما هو كامل أرض وبناء العقار رقم .... شارع .... قسم .... محافظة .... والمكون من ........ والبالغ مساحته متراً مربعاً.\", \"clause_type\": \"موضوع العقد\", \"embedding\": [0.47058823529411764, 0.7176470588235294, 0.8784313725490196, 0.17254901960784313, 0.5411764705882353, 0.3215686274509804, 0.996078431372549, 0.47843137254901963, 0.6549019607843137, 0.5294117647058824, 0.5137254901960784, 0.8509803921568627, 0.8, 0.6901960784313725, 0.7411764705882353, 0.796078431372549, 0.1843137254901961, 0.4627450980392157, 0.807843137254902, 0.5372549019607843, 0.8, 0.19215686274509805, 0.7058823529411765, 0.7568627450980392, 0.11372549019607843, 0.03529411764705882, 0.054901960784313725, 0.7843137254901961, 0.9215686274509803, 0.3215686274509804, 0.2, 0.09019607843137255]}, {\"clause_text\": \"محدود بالحدود الآتية: الحد البحري / .......................، الحد القبلي / .......................، الحد الشرقي / .......................، الحد الغربي / .......................\", \"clause_type\": \"حدود العقار\", \"embedding\": [0.3215686274509804, 0.2901960784313726, 0.6352941176470588, 0.9450980392156862, 0.38823529411764707, 0.5529411764705883, 0.7137254901960784, 0.8352941176470589, 0.7372549019607844, 0.8313725490196079, 0.12941176470588237, 0.2, 0.6784313725490196, 0.8274509803921568, 0.6627450980392157, 0.7647058823529411, 0.8431372549019608, 0.5882352941176471, 0.6352941176470588, 0.4117647058823529, 0.14901960784313725, 0.807843137254902, 0.4392156862745098, 0.34901960784313724, 0.6784313725490196, 0.9607843137254902, 0.07450980392156863, 0.4, 0.6313725490196078, 0.6745098039215687, 0.011764705882352941, 0.7254901960784313]}, {\"clause_text\": \"وذلك نظير ثمن إجمالي مقبوض بمجلس العقد قدره ............. جنية.\", \"clause_type\": \"الثمن\", \"embedding\": [0.35294117647058826, 0.4196078431372549, 0.13725490196078433, 0.00784313725490196, 0.8235294117647058, 0.5176470588235295, 0.403921568627451, 0.8549019607843137, 0.47843137254901963, 0.7254901960784313, 0.10196078431372549, 0.9921568627450981, 0.5019607843137255, 0.796078431372549, 0.611764705882353, 0.34901960784313724, 0.07058823529411765, 0.7490196078431373, 0.8470588235294118, 0.12549019607843137, 0.6392156862745098, 0.6470588235294118, 0.5647058823529412, 0.5215686274509804, 0.6196078431372549, 0.8705882352941177, 0.39215686274509803, 0.47843137254901963, 0.3764705882352941, 0.5333333333333333, 0.4117647058823529, 0.23921568627450981]}, {\"clause_text\": \"تضمن عقد البيع سالف الذكر التزام المعلن إليه بإعداد مستندات الملكية اللازمة لإتمام العقد النهائي.\", \"clause_type\": \"التزام البائع\", \"embedding\": [0.9647058823529412, 0.3215686274509804, 0.10980392156862745, 0.592156862745098, 0.12156862745098039, 0.9647058823529412, 0.2549019607843137, 0.16470588235294117, 0.023529411764705882, 0.996078431372549, 0.5372549019607843, 0.43529411764705883, 0.0, 0.4235294117647059, 0.27450980392156865, 0.6196078431372549, 0.9294117647058824, 0.9137254901960784, 0.807843137254902, 0.8470588235294118, 0.1411764705882353, 0.8784313725490196, 0.7803921568627451, 0.5372549019607843, 0.8745098039215686, 0.058823529411764705, 0.3176470588235294, 0.5647058823529412, 0.8941176470588236, 0.29411764705882354, 0.6, 0.6235294117647059]}], \"similar_clauses\": [{\"clause_text\": \"بند مشابه من عقد سابق\", \"clause_type\": \"موضوع العقد\", \"document_type\": \"عقد بيع\", \"similarity_score\": 0.424, \"source_contract\": \"عقد مرجعي\"}, {\"clause_text\": \"بند مشابه من عقد سابق\", \"clause_type\": \"حدود العقار\", \"document_type\": \"عقد بيع\", \"similarity_score\": 0.289, \"source_contract\": \"عقد مرجعي\"}, {\"clause_text\": \"بند مشابه من عقد سابق\", \"clause_type\": \"الثمن\", \"document_type\": \"عقد بيع\", \"similarity_score\": 0.318, \"source_contract\": \"عقد مرجعي\"}, {\"clause_text\": \"بند مشابه من عقد سابق\", \"clause_type\": \"التزام البائع\", \"document_type\": \"عقد بيع\", \"similarity_score\": 0.868, \"source_contract\": \"عقد مرجعي\"}], \"clause_comparison\": {\"clause_matches\": [{\"current_clause\": \"بموجب عقد بيع مؤرخ .../.../... باع المعلن إليه إلى الطالب ما هو كامل أرض وبناء العقار رقم .... شارع .... قسم .... محافظة .... والمكون من ........ والبالغ مساحته متراً مربعاً.\", \"similar_clause\": \"بند مشابه من عقد سابق\", \"similarity_score\": 0.424, \"clause_type\": \"موضوع العقد\"}, {\"current_clause\": \"محدود بالحدود الآتية: الحد البحري / .......................، الحد القبلي / .......................، الحد الشرقي / .......................، الحد الغربي / .......................\", \"similar_clause\": \"بند مشابه من عقد سابق\", \"similarity_score\": 0.289, \"clause_type\": \"حدود العقار\"}, {\"current_clause\": \"وذلك نظير ثمن إجمالي مقبوض بمجلس العقد قدره ............. جنية.\", \"similar_clause\": \"بند مشابه من عقد سابق\", \"similarity_score\": 0.318, \"clause_type\": \"الثمن\"}, {\"current_clause\": \"تضمن عقد البيع سالف الذكر التزام المعلن إليه بإعداد مستندات الملكية اللازمة لإتمام العقد النهائي.\", \"similar_clause\": \"بند مشابه من عقد سابق\", \"similarity_score\": 0.868, \"clause_type\": \"التزام البائع\"}], \"unique_clauses\": [], \"potential_issues\": [], \"improvement_suggestions\": []}, \"rag_summary\": \"تحليل المقارنة مع قاعدة البيانات:\\n- عدد البنود المستخرجة: 4\\n- عدد البنود المشابهة الموجودة: 4\\n- تم العثور على بنود مشابهة في عقود سابقة\\n- يمكن استخدام هذه المقارنة لتحسين صياغة العقد الحالي\"}}}"
  },
  "parsed_body": {
    "success": true,
    "agent_type": "rag_processor",
    "analysis": {
      "embedded_clauses_count": 4,
      "similar_clauses_found": 4,
      "rag_context": {
        "current_clauses": [
          {
            "clause_text": "بموجب عقد بيع مؤرخ .../.../... باع المعلن إليه إلى الطالب ما هو كامل أرض وبناء العقار رقم .... شارع .... قسم .... محافظة .... والمكون من ........ والبالغ مساحته متراً مربعاً.",
            "clause_type": "موضوع العقد",
            "embedding": [
              0.47058823529411764,
              0.7176470588235294,
              0.8784313725490196,
              0.17254901960784313,
              0.5411764705882353,
              0.3215686274509804,
              0.996078431372549,
              0.47843137254901963,
              0.6549019607843137,
              0.5294117647058824,
              0.5137254901960784,
              0.8509803921568627,
              0.8,
              0.6901960784313725,
              0.7411764705882353,
              0.796078431372549,
              0.1843137254901961,
              0.4627450980392157,
              0.807843137254902,
              0.5372549019607843,
              0.8,
              0.19215686274509805,
              0.7058823529411765,
              0.7568627450980392,
              0.11372549019607843,
              0.03529411764705882,
              0.054901960784313725,
              0.7843137254901961,
              0.9215686274509803,
              0.3215686274509804,
              0.2,
              0.09019607843137255
            ]
          },
          {
            "clause_text": "محدود بالحدود الآتية: الحد البحري / .......................، الحد القبلي / .......................، الحد الشرقي / .......................، الحد الغربي / .......................",
            "clause_type": "حدود العقار",