{
  "response": {
    "statusCode": 200,
    "body": "{\"success\": true, \"agent_type\": \"rag_processor\", \"analysis\": {\"embedded_clauses_count\": 2, \"similar_clauses_found\": 2, \"rag_context\": {\"current_clauses\": [{\"clause_text\": \"البند الأول: يتم تسليم البضاعة خلال 30 يومًا.\", \"clause_type\": \"تسليم\", \"embedding\": [0.6862745098039216, 0.2627450980392157, 0.9137254901960784, 0.5411764705882353, 0.3686274509803922, 0.4117647058823529, 0.7764705882352941, 0.11764705882352941, 0.7019607843137254, 0.0784313725490196, 0.30980392156862746, 0.6784313725490196, 0.7647058823529411, 0.8196078431372549, 0.8980392156862745, 0.3176470588235294, 0.0784313725490196, 0.3411764705882353, 0.984313725490196, 0.08235294117647059, 0.47058823529411764, 0.9019607843137255, 0.2823529411764706, 0.8117647058823529, 0.3607843137254902, 0.058823529411764705, 0.6313725490196078, 0.17254901960784313, 0.7803921568627451, 0.8862745098039215, 0.9764705882352941, 0.9411764705882353]}, {\"clause_text\": \"البند الثاني: يحق للطرف رفض الطلب بعد 15 يومًا.\", \"clause_type\": \"رفض\", \"embedding\": [0.6313725490196078, 0.4549019607843137, 0.7137254901960784, 0.1450980392156863, 0.48627450980392156, 0.12549019607843137, 0.45098039215686275, 0.8196078431372549, 0.8392156862745098, 0.06274509803921569, 0.8941176470588236, 0.7843137254901961, 0.00784313725490196, 0.15294117647058825, 0.4196078431372549, 0.8941176470588236, 0.2901960784313726, 0.3215686274509804, 0.11764705882352941, 0.32941176470588235, 0.5764705882352941, 0.3568627450980392, 0.45098039215686275, 0.41568627450980394, 0.6588235294117647, 0.4549019607843137, 0.22745098039215686, 0.8980392156862745, 0.8470588235294118, 0.09803921568627451, 0.6392156862745098, 0.7176470588235294]}], \"similar_clauses\": [{\"clause_text\": \"بند مشابه من عقد سابق\", \"clause_type\": \"تسليم\", \"document_type\": \"عقد تجريبي\", \"similarity_score\": 0.618, \"source_contract\": \"عقد مرجعي\"}, {\"clause_text\": \"بند مشابه من عقد سابق\", \"clause_type\": \"رفض\", \"document_type\": \"عقد تجريبي\", \"similarity_score\": 0.568, \"source_contract\": \"عقد مرجعي\"}], \"clause_comparison\": {\"clause_matches\": [{\"current_clause\": \"البند الأول: يتم تسليم البضاعة خلال 30 يومًا.\", \"similar_clause\": \"بند مشابه من عقد سابق\", \"similarity_score\": 0.618, \"clause_type\": \"تسليم\"}, {\"current_clause\": \"البند الثاني: يحق للطرف رفض الطلب بعد 15 يومًا.\", \"similar_clause\": \"بند مشابه من عقد سابق\", \"similarity_score\": 0.568, \"clause_type\": \"رفض\"}], \"unique_clauses\": [], \"potential_issues\": [], \"improvement_suggestions\": []}, \"rag_summary\": \"تحليل المقارنة مع قاعدة البيانات:\\n- عدد البنود المستخرجة: 2\\n- عدد البنود المشابهة الموجودة: 2\\n- تم العثور على بنود مشابهة في عقود سابقة\\n- يمكن استخدام هذه المقارنة لتحسين صياغة العقد الحالي\"}}}"
  },
  "parsed_body": {
    "success": true,
    "agent_type": "rag_processor",
    "analysis": {
      "embedded_clauses_count": 2,
      "similar_clauses_found": 2,
      "rag_context": {
        "current_clauses": [
          {
            "clause_text": "البند الأول: يتم تسليم البضاعة خلال 30 يومًا.",
            "clause_type": "تسليم",
            "embedding": [
              0.6862745098039216,
              0.2627450980392157,
              0.9137254901960784,
              0.5411764705882353,
              0.3686274509803922,
              0.4117647058823529,
              0.7764705882352941,
              0.11764705882352941,
              0.7019607843137254,
              0.0784313725490196,
              0.30980392156862746,
              0.6784313725490196,
              0.7647058823529411,
              0.8196078431372549,
              0.8980392156862745,
              0.3176470588235294,
              0.0784313725490196,
              0.3411764705882353,
              0.984313725490196,
              0.08235294117647059,
              0.47058823529411764,
              0.9019607843137255,
              0.2823529411764706,
              0.8117647058823529,
              0.3607843137254902,
              0.058823529411764705,
              0.6313725490196078,
              0.17254901960784313,
              0.7803921568627451,
              0.8862745098039215,
              0.9764705882352941,
              0.9411764705882353
            ]
          },
          {
            "clause_text": "البند الثاني: يحق للطرف رفض الطلب بعد 15 يومًا.",
            "clause_type": "رفض",
            "embedding": [
              0.6313725490196078,
              0.4549019607843137,
              0.7137254901960784,
              0.1450980392156863,
              0.48627450980392156,
              0.12549019607843137,
              0.45098039215686275,
              0.8196078431372549,
              0.8392156862745098,
              0.06274509803921569,
              0.8941176470588236,
              0.7843137254901961,
              0.00784313725490196,
              0.15294117647058825,
              0.4196078431372549,
              0.8941176470588236,
              0.2901960784313726,
              0.3215686274509804,
              0.11764705882352941,
              0.32941176470588235,
              0.5764705882352941,
              0.3568627450980392,
              0.45098039215686275,
              0.41568627450980394,
              0.6588235294117647,
              0.4549019607843137,
              0.22745098039215686,
              0.8980392156862745,
              0.8470588235294118,
              0.09803921568627451,
              0.6392156862745098,
              0.7176470588235294
            ]
          }
        ],
        "similar_clauses": [
          {
            "clause_text": "بند مشابه من عقد سابق",
            "clause_type": "تسليم",
            "document_type": "عقد تجريبي",
            "similarity_score": 0.618,
            "source_contract": "عقد مرجعي"
          },
          {
            "clause_text": "بند مشابه من عقد سابق",
            "clause_type": "رفض",
            "document_type": "عقد تجريبي",
            "similarity_score": 0.568,
            "source_contract": "عقد مرجعي"
          }
        ],
        "clause_comparison": {
          "clause_matches": [
            {
              "current_clause": "البند الأول: يتم تسليم البضاعة خلال 30 يومًا.",
              "similar_clause": "بند مشابه من عقد سابق",
              "similarity_score": 0.618,
              "clause_type": "تسليم"
            },
            {
              "current_clause": "البند الثاني: يحق للطرف رفض الطلب بعد 15 يومًا.",
              "similar_clause": "بند مشابه من عقد سابق",
              "similarity_score": 0.568,
              "clause_type": "رفض"
            }
          ],
          "unique_clauses": [],
          "potential_issues": [],
          "improvement_suggestions": []
        },
        "rag_summary": "تحليل المقارنة مع قاعدة البيانات:\n- عدد البنود المستخرجة: 2\n- عدد البنود المشابهة الموجودة: 2\n- تم العثور على بنود مشابهة في عقود سابقة\n- يمكن استخدام هذه المقارنة لتحسين صياغة العقد الحالي"
      }
    }
  }
}